election_year,state,dem_result,rep_result,rep_result2,dem_result2
1998,AK,0.19721199060444441,0.7449133706330278,0.7906733023879026,0.20932669761209746
1998,AL,0.3669136890610443,0.6324183067175402,0.6328410472085605,0.3671589527914395
1998,AR,0.5506006440925131,0.42217025217206433,0.43398733843003573,0.5660126615699643
1998,AZ,0.2716169272066951,0.687447694615506,0.716789754280969,0.283210245719031
1998,CA,0.5305710303474354,0.4301153586331894,0.4477167195941859,0.5522832804058141
1998,CO,0.3501670766669053,0.6248855703775141,0.6408736720747007,0.3591263279252993
1998,CT,0.6514608738388544,0.3236816156656025,0.33193263461434175,0.6680673653856583
1998,FL,0.6246937947705762,0.3753062052294238,0.3753062052294238,0.6246937947705762
1998,GA,0.45149670487179533,0.5236970431932897,0.5370184583651965,0.4629815416348036
1998,HI,0.7918437471742472,0.17824597361626027,0.18374174037326263,0.8162582596267374
1998,IA,0.30493392284264176,0.6841177457282202,0.691690603703992,0.30830939629600795
1998,ID,0.2839301485559557,0.6953571636336713,0.7100645081154935,0.2899354918845064
1998,IL,0.47443983996563877,0.5034704454619665,0.5148431844561455,0.4851568155438545
1998,IN,0.6371856778569032,0.34793282458893493,0.3531888028953799,0.6468111971046201
1998,KS,0.3158782018491934,0.6526615844100127,0.6738614083483234,0.3261385916516767
1998,KY,0.49156986032997674,0.4974768948170705,0.5029862261093084,0.4970137738906916
1998,LA,0.6402439213137082,0.3163713093229739,0.33071949848886545,0.6692805015111345
1998,MD,0.705039712838992,0.294960287161008,0.294960287161008,0.705039712838992
1998,MO,0.437711219216454,0.5267598774016921,0.5461645032689322,0.4538354967310678
1998,NC,0.511512849732847,0.4701171835202568,0.47891483307850424,0.5210851669214958
1998,ND,0.631553539122039,0.35158278574039875,0.3576134630053394,0.6423865369946605
1998,NH,0.28244083178686735,0.6783594325952665,0.7060358513030824,0.2939641486969176
1998,NV,0.47863783198428866,0.47771782023750525,0.499519001249877,0.500480998750123
1998,NY,0.47823102653632543,0.33672232802532004,0.4131798785053647,0.5868201214946354
1998,OH,0.43534112669345787,0.5645971875402976,0.564632017298931,0.43536798270106913
1998,OK,0.3127764730788065,0.6638052466346327,0.6797231949307987,0.32027680506920125
1998,OR,0.6105361946844858,0.33794678044315934,0.35630242113484334,0.6436975788651568
1998,PA,0.34787467383759046,0.6134169445196769,0.6381174378363282,0.3618825621636718
1998,SC,0.5269820394120833,0.4566971263620572,0.4642744730723696,0.5357255269276303
1998,SD,0.6214313783091896,0.3640862077516777,0.3694365406577241,0.6305634593422759
1998,UT,0.329701015742288,0.6398186333245102,0.6599336423355231,0.340066357664477
1998,VT,0.7221542170475995,0.22449961688687883,0.23715069737140826,0.7628493026285917
1998,WA,0.584139988064987,0.41586001193501293,0.41586001193501293,0.584139988064987
1998,WI,0.5054752401700101,0.4840155471605533,0.48915619362796164,0.5108438063720384
2000,CA,0.5584281724250367,0.3658693920182296,0.39583507096938453,0.6041649290306155
2000,CT,0.632141122171711,0.3417145785621627,0.3508883074819555,0.6491116925180446
2000,DE,0.5552595927129939,0.4369848895847923,0.4404004228603482,0.5595995771396518
2000,FL,0.5104361118856235,0.4619211638711083,0.4750529207606542,0.5249470792393458
2000,HI,0.7268468822966064,0.24506760256117213,0.25214934686052465,0.7478506531394754
2000,IN,0.3185111567217926,0.6656433009557577,0.6763606014919358,0.3236393985080643
2000,MA,0.6910975959456455,0.12228790423577054,0.15034433759698898,0.849655662403011
2000,MD,0.6317809150761878,0.3673423055547851,0.36766466634896006,0.6323353336510399
2000,ME,0.31058701596542293,0.6894129840345771,0.6894129840345771,0.31058701596542293
2000,MI,0.4947475636954328,0.47860934787537923,0.49171002145861914,0.5082899785413809
2000,MN,0.48834190252612086,0.4329263655601111,0.46992432123971584,0.5300756787602842
2000,MO,0.5046659321320502,0.483934101912867,0.4895145511302697,0.5104854488697304
2000,MS,0.31594014549200117,0.658798926513664,0.6758720825236757,0.3241279174763243
2000,MT,0.47237494563910193,0.5055429894485193,0.5169585006161307,0.4830414993838693
2000,ND,0.6137254424617182,0.38627455753828177,0.38627455753828177,0.6137254424617182
2000,NE,0.5099920560410197,0.48815916805084136,0.48906333656503687,0.5109366634349631
2000,NJ,0.5011294369196548,0.47096358942083033,0.48448407370414637,0.5155159262958536
2000,NM,0.6170109545634967,0.3825395317594135,0.3827115658426402,0.6172884341573598
2000,NV,0.39658708070894977,0.5504331065155732,0.5812263708218868,0.4187736291781132
2000,NY,0.5118660934970692,0.3914829484535312,0.43336842158840677,0.5666315784115932
2000,OH,0.35853840169519835,0.5991528953531524,0.6256221573692583,0.3743778426307417
2000,PA,0.4550908573306335,0.5241607597364035,0.535266677737353,0.46473332226264696
2000,RI,0.411452065015472,0.5687652835164161,0.580244049310369,0.4197559506896309
2000,TN,0.3220718723766769,0.6509569312246677,0.669000679954556,0.33099932004544397
2000,TX,0.3230752442100816,0.6507621932736053,0.6682452000973791,0.33175479990262086
2000,UT,0.3151458222901271,0.6558404269693284,0.6754373993138625,0.32456260068613757
2000,VA,0.4768026057452799,0.5225543455268566,0.5228905896553463,0.4771094103446537
2000,VT,0.2542530329289428,0.6555736568457539,0.7205478408289997,0.27945215917100025
2000,WA,0.4873028493377087,0.486397259422462,0.4995349749337094,0.5004650250662905
2000,WI,0.615427921056123,0.37035955124301057,0.375699186336004,0.624300813663996
2000,WV,0.7775192757967578,0.20155697731645117,0.20586443259710585,0.7941355674028941
2000,WY,0.22038388272902149,0.7377269387201101,0.769980802016521,0.23001919798347897
2002,AK,0.10513269555822748,0.7817014306376009,0.8814516802491514,0.1185483197508486
2002,AL,0.39827704333185765,0.5857705301388076,0.5952664748441348,0.40473352515586525
2002,AR,0.5389562018651421,0.4610437981348578,0.4610437981348578,0.5389562018651421
2002,CO,0.45769242176653613,0.5069572242285404,0.52553507517809,0.47446492482191005
2002,DE,0.5821990926074193,0.4080382585638403,0.41206106604765996,0.58793893395234
2002,GA,0.4589585371952408,0.5273429270664952,0.5346670832139752,0.4653329167860248
2002,IA,0.5417765070986975,0.43778999584585687,0.4469221788718481,0.5530778211281518
2002,ID,0.3254851374637738,0.6516189198715439,0.6668879480948923,0.33311205190510784
2002,IL,0.6033426722277493,0.3802006452240144,0.3865621762436109,0.6134378237563891
2002,KY,0.3532479517162801,0.6467520482837199,0.6467520482837199,0.3532479517162801
2002,LA,0.2573527308070626,0.24042352825502925,0.4829951687692666,0.5170048312307334
2002,MA,0.723314541586929,NA,NA,NA
2002,ME,0.41564352474455285,0.5843564752554471,0.5843564752554471,0.41564352474455285
2002,MI,0.6060850283147566,0.37885467200675427,0.3846475798295935,0.6153524201704065
2002,MN,0.4733556014954057,0.49528860274305553,0.5113214951122809,0.48867850488771913
2002,MT,0.6273500399648432,0.3173024802702297,0.33589332952953993,0.6641066704704601
2002,NC,0.449550249422932,0.5356358000515619,0.543689996764849,0.4563100032351511
2002,NE,0.14637132796215044,0.8276216793657867,0.8497203502890569,0.1502796497109431
2002,NH,0.4640164603531372,0.5081888020396524,0.5227176005907427,0.47728239940925726
2002,NJ,0.5387630620788373,0.4394761157320539,0.4492522132629322,0.5507477867370678
2002,NM,0.3495723063164519,0.650427693683548,0.650427693683548,0.3495723063164519
2002,OK,0.3630992592476218,0.5730216491363126,0.6121235451577985,0.38787645484220157
2002,OR,0.39606193394837996,0.5620858555847796,0.5866379505594288,0.41336204944057126
2002,RI,0.7842648849441564,0.21573511505584364,0.21573511505584364,0.7842648849441564
2002,SC,0.4418838493007602,0.5440234579005396,0.5517998030107535,0.44820019698924657
2002,SD,0.4962385296636158,0.49466223803781323,0.49920461681069284,0.5007953831893072
2002,TN,0.44338639286131787,0.542791421501773,0.5503991405975069,0.44960085940249306
2002,TX,0.4332638016912671,0.5529987514432837,0.5607013565360834,0.43929864346391656
2002,WV,0.6311135463784696,0.3688864536215304,0.3688864536215304,0.6311135463784696
2002,WY,0.27046049759930163,0.7295395024006984,0.7295395024006984,0.27046049759930163
2004,AK,0.455456270372833,0.4857791544362097,0.516108023170467,0.48389197682953305
2004,AL,0.32354358136140843,0.6754515607378963,0.6761309762913275,0.3238690237086726
2004,AR,0.5589777832085276,0.4406950889450993,0.440839299755825,0.559160700244175
2004,AZ,0.20620469119024182,0.7673903501952666,0.7882028128483533,0.2117971871516468
2004,CA,0.5770810388362684,0.3779814565228844,0.39576620206486474,0.6042337979351353
2004,CO,0.5130260330860861,0.4653290767326921,0.4756239039001754,0.5243760960998246
2004,CT,0.6635289873280897,0.3212891461235353,0.32624211030464056,0.6737578896953594
2004,FL,0.48321025845052434,0.49433598918100313,0.5056906416230613,0.4943093583769386
2004,GA,0.399781929790955,0.5787683938526803,0.5914549102570774,0.4085450897429227
2004,HI,0.7551011563824946,0.2098775240943115,0.21749446732917335,0.7825055326708267
2004,IA,0.2787704126747195,0.7018356872638971,0.7157162160298923,0.28428378397010773
2004,IL,0.6996872520188583,0.27048226983460144,0.27879897661375586,0.7212010233862441
2004,IN,0.6164877917399195,0.3722513449080051,0.376490958140922,0.6235090418590781
2004,KS,0.274872411697912,0.6916277982182809,0.7156002565982404,0.28439974340175955
2004,KY,0.4934317736067021,0.5065682263932979,0.5065682263932979,0.4934317736067021
2004,LA,0.29336232235386805,0.5102734982056821,0.6349561395239852,0.3650438604760147
2004,MD,0.6480343300468446,0.33724301023587694,0.34228231630609346,0.6577176836939066
2004,MO,0.4279707892619057,0.5609251692837945,0.5672236441422086,0.4327763558577914
2004,NC,0.47018676402227827,0.5159584364654982,0.5232073696756725,0.47679263032432756
2004,ND,0.6827992635888457,0.3172007364111543,0.3172007364111543,0.6827992635888457
2004,NH,0.33716895505306765,0.6617809540912453,0.6624766147264761,0.33752338527352393
2004,NV,0.6108190917305708,0.3513779090150457,0.3651829186151685,0.6348170813848315
2004,NY,0.5887505575458477,0.2181939730535843,0.2703952561541011,0.7296047438458988
2004,OH,0.3614513411145185,0.6384941049496086,0.6385289392164116,0.3614710607835884
2004,OK,0.4124488715454167,0.5276532540436232,0.5612722699813187,0.4387277300186813
2004,OR,0.6339209794726348,0.31746033528965767,0.3336835928599005,0.6663164071400994
2004,PA,0.41987442223163624,0.5261782247322185,0.5561828154287928,0.44381718457120717
2004,SC,0.44100597224804833,0.5366614889235741,0.5489202722165334,0.45107972778346656
2004,SD,0.4942380645623076,0.5057619354376923,0.5057619354376923,0.4942380645623076
2004,UT,0.284027218703865,0.6873117581378616,0.7075920708676088,0.2924079291323912
2004,VT,0.7062706700346345,0.24542980651545532,0.2578855559735951,0.7421144440264049
2004,WA,0.5498048534564939,0.42736188339741243,0.4373479645585871,0.5626520354414128
2004,WI,0.5535048307598323,0.441117412601708,0.44350246090501316,0.5564975390949868
2006,AZ,0.43499399390351734,0.5334081748409399,0.5508126603356421,0.44918733966435787
2006,CA,0.5943105149508118,0.35015283072855324,0.37074263636635224,0.6292573636336478
2006,CT,0.3972974425812296,0.09622859821797587,0.19498180493605838,0.8050181950639417
2006,DE,0.7020026998995769,0.28700426386579525,0.29019438121356134,0.7098056187864387
2006,FL,0.6030098044574211,0.3809563048890443,0.3871640509469065,0.6128359490530935
2006,HI,0.6134895957904808,0.3677991611296166,0.37481236642718924,0.6251876335728107
2006,MA,0.6688272533408205,0.29482203459701806,0.3059432910783575,0.6940567089216425
2006,MD,0.5420559540833141,0.44195427757182343,0.4491358558624353,0.5508641441375647
2006,ME,0.20753107527039522,0.7440380974743547,0.7819064748894891,0.21809352511051092
2006,MI,0.5690997851403465,0.41257630004375495,0.4202774278303634,0.5797225721696365
2006,MN,0.5805634900025968,0.37936427374235737,0.3952008558043454,0.6047991441956546
2006,MO,0.49578356923952965,0.47308451795406914,0.4882857885477423,0.5117142114522577
2006,MS,0.3486539176096418,0.6357597790876398,0.6458258161387033,0.35417418386129673
2006,MT,0.49161756927959066,0.4828550694333403,0.49550397851199607,0.5044960214880039
2006,ND,0.6882632293080054,0.29528493894165536,0.3002241765821694,0.6997758234178307
2006,NE,0.638827922933029,0.361172077066971,0.361172077066971,0.638827922933029
2006,NJ,0.5720435801633765,0.4118541182469869,0.41859445236267956,0.5814055476373204
2006,NM,0.7060513830453854,0.2933058812997941,0.2934945206927378,0.7065054793072622
2006,NV,0.4098995488969604,0.5535813599005788,0.5745639117971413,0.4254360882028588
2006,NY,0.5741634316406815,0.258029558578506,0.31005975970855604,0.689940240291444
2006,OH,0.5616413169069943,0.4381521761847276,0.43824267632489106,0.561757323675109
2006,PA,0.586365789333756,0.4128302495219972,0.41316241605076515,0.5868375839492349
2006,RI,0.5351863540376058,0.4648136459623941,0.4648136459623941,0.5351863540376058
2006,TN,0.4798922394400377,0.5071241400560071,0.5137950601335884,0.4862049398664115
2006,TX,0.36044576366682635,0.6169170106680406,0.6312057578496136,0.36879424215038636
2006,UT,0.31064924061535015,0.6236091952413295,0.6674911045031169,0.33250889549688306
2006,VA,0.4959431667893581,0.4920076188226261,0.4980082267132901,0.5019917732867099
2006,WA,0.568526980891035,0.399334080069721,0.4125944272138796,0.5874055727861203
2006,WI,0.6730655283152902,0.2947668167705422,0.3045639239763171,0.6954360760236828
2006,WV,0.7704902160126258,0.22950978398737426,0.22950978398737426,0.7704902160126258
2006,WY,0.2939173865402747,0.6889075758734041,0.7009463558816665,0.2990536441183334
2008,AK,0.4776708012954681,0.46522914614302396,0.49340245209142103,0.506597547908579
2008,AL,0.36520448832171387,0.6336223194839702,0.6343665533727222,0.3656334466272778
2008,AR,0.7953296947677004,NA,NA,NA
2008,CO,0.5279563016459364,0.42492111711122865,0.44593471179687716,0.5540652882031228
2008,DE,0.6468651258119126,0.3531348741880874,0.3531348741880874,0.6468651258119126
2008,GA,0.4683277881190731,0.4975628150412327,0.5151337153640926,0.48486628463590736
2008,IA,0.6265578028874497,0.37261247785973683,0.37292189833858413,0.6270781016614159
2008,ID,0.34105121126585813,0.576543937467043,0.6283206033327305,0.3716793966672695
2008,IL,0.6784095113514665,0.28530095589322396,0.2960442639052344,0.7039557360947655
2008,KS,0.36458465833532944,0.6005839645161024,0.6222580700373121,0.37774192996268785
2008,KY,0.4703438042981507,0.5296561957018493,0.5296561957018493,0.4703438042981507
2008,LA,0.5210964613033818,0.45723341140393153,0.4673611878359989,0.5326388121640012
2008,MA,0.6355066637232738,0.2984355437246918,0.31954390897503054,0.6804560910249695
2008,ME,0.3858343801333462,0.613309774581395,0.6138351224768931,0.38616487752310685
2008,MI,0.6266496446411556,0.3384612528925756,0.3506967476561378,0.6493032523438621
2008,MN,0.4199368620668877,0.4198288155819654,0.49993566867056005,0.5000643313294398
2008,MS,0.3856495373793329,0.6143504626206671,0.6143504626206671,0.3856495373793329
2008,MT,0.7291597754041594,0.27084022459584056,0.27084022459584056,0.7291597754041594
2008,NC,0.5265278080136331,0.44183596794921315,0.4562706484036897,0.5437293515963103
2008,NE,0.4005698343619205,0.5752021107593459,0.5894841654705099,0.4105158345294901
2008,NH,0.5158962387033724,0.45251710236374604,0.46727681577073926,0.5327231842292607
2008,NJ,0.560301167714063,0.4195400070927179,0.4281714403106695,0.5718285596893304
2008,NM,0.6132799125842288,0.38672008741577124,0.38672008741577124,0.6132799125842288
2008,OK,0.39183884397235264,0.5667985081885539,0.5912543538084641,0.4087456461915358
2008,OR,0.489046700884411,0.4555344712091175,0.4822607994604538,0.5177392005395463
2008,RI,0.7307092786888234,0.2647466340938716,0.26595515752555987,0.7340448424744402
2008,SC,0.422468688399412,0.5752464290695195,0.5765638096462264,0.4234361903537735
2008,SD,0.6249169234487342,0.37508307655126577,0.37508307655126577,0.6249169234487342
2008,TN,0.31644013305369784,0.6514422055733249,0.6730592961303746,0.32694070386962526
2008,TX,0.42837877547925163,0.5482087821462764,0.5613513891976973,0.4386486108023027
2008,VA,0.6503255021417431,0.3372854345545542,0.3415165041436491,0.6584834958563509
2008,WV,0.6372702574938631,0.3625603011784004,0.3626217442882187,0.6373782557117813
2008,WY,0.2425172095181335,0.7561628274408316,0.7571622536316921,0.24283774636830785
2010,AK,0.23500702535782358,0.3555300720539485,0.6020452798176082,0.39795472018239175
2010,AL,0.3471015463490719,0.6517547302286976,0.6525010109179135,0.3474989890820865
2010,AR,0.369451136408802,0.5790293567465898,0.6104810388037427,0.38951896119625723
2010,AZ,0.34651246368125194,0.5886007712100318,0.629443311513458,0.3705566884865419
2010,CA,0.5218357506279899,0.4217298523223628,0.4469533978386798,0.5530466021613202
2010,CO,0.4805037110263242,0.4642202217926452,0.49138187957984164,0.5086181204201584
2010,CT,0.5248427086630562,0.4321693846667505,0.4515819472699346,0.5484180527300654
2010,FL,0.2019801497143098,0.4889468068080721,0.7076678687846697,0.29233213121533036
2010,GA,0.3899864514659576,0.5830738031149888,0.5992165442684664,0.4007834557315337
2010,HI,0.7480861237563515,0.21571146005078484,0.22381407016885657,0.7761859298311434
2010,IA,0.33303317106650787,0.6435254999045753,0.6589726956852044,0.34102730431479555
2010,ID,0.24927591039530175,0.7117500500522769,0.7406148005833199,0.25938519941668015
2010,IN,0.39999002568672287,0.5457875436877788,0.5770781221304924,0.42292187786950775
2010,KS,0.2637854963399436,0.7009437836340803,0.7265704464292343,0.2734295535707657
2010,KY,0.4424848978243428,0.55726585728444,0.5574047875800844,0.4425952124199157
2010,LA,0.3767385457954741,0.565548136987211,0.6001869147901782,0.39981308520982195
2010,MD,0.6219298331713797,0.35753368036129296,0.3650301164070533,0.6349698835929467
2010,MO,0.406263905686458,0.5422915490979727,0.5717025255220468,0.4282974744779532
2010,NC,0.43046616284704325,0.5481213151940224,0.5601147853345216,0.4398852146654783
2010,ND,0.2220018949080634,0.7616901573779838,0.7743176897768534,0.22568231022314653
2010,NH,0.36846561544720813,0.6008620879241714,0.6198750802585516,0.3801249197414484
2010,NV,0.5028874250766561,0.44546606339859496,0.46972576029093205,0.530274239709068
2010,NY,0.6397868636593681,0.26020807745924085,0.2891217112129838,0.7108782887870161
2010,OH,0.3940388949379544,0.5684629857476794,0.5906097402560267,0.4093902597439733
2010,OK,0.2613318966407151,0.7063670979038511,0.7299450571779221,0.2700549428220779
2010,OR,0.5722403070038015,0.39248836119529623,0.40683808218115036,0.5931619178188496
2010,PA,0.4899150530927598,0.5100849469072402,0.5100849469072402,0.4899150530927598
2010,SC,0.27646319288683446,0.6147821418659776,0.6898012453961267,0.3101987546038733
2010,UT,0.32761820139090614,0.615831382533363,0.6527443469441351,0.3472556530558649
2010,VT,0.6432616996487767,0.3091233023497096,0.32457808732922583,0.6754219126707741
2010,WA,0.523648258488133,0.47635174151186693,0.47635174151186693,0.523648258488133
2010,WI,0.47019915434358006,0.5185754728321016,0.5244627628778779,0.47553723712212215
2012,AZ,0.46203612160351465,0.4923090706964628,0.5158605865766401,0.4841394134233598
2012,CA,0.625242844721446,0.374757155278554,0.374757155278554,0.625242844721446
2012,CT,0.5245415289688073,0.3999096419811558,0.4325914169919974,0.5674085830080026
2012,DE,0.6641917288529201,0.2895351921642818,0.3035829080461278,0.6964170919538721
2012,FL,0.5523175610681682,0.42225760707091353,0.4332735132962603,0.5667264867037397
2012,HI,0.6164553400479001,0.36827332846858923,0.3739845708192891,0.626015429180711
2012,IN,0.5004413886634205,0.44280306019057053,0.4694467703770329,0.530553229622967
2012,MA,0.5327391906779608,0.45790146083972216,0.4622276101209931,0.5377723898790069
2012,MD,0.5597785840529175,0.2632849948010697,0.3198841518022958,0.6801158481977042
2012,ME,0.12818743790705375,0.29721685616513965,0.6986691491052518,0.30133085089474826
2012,MI,0.5879807037218365,0.37984464802517476,0.3924723064337189,0.6075276935662812
2012,MN,0.6522898262419866,0.3052799180643548,0.31880697973127586,0.6811930202687242
2012,MO,0.5481432375826044,0.39113718466515984,0.4164221625413431,0.583577837458657
2012,MS,0.4055090015206578,0.5715562901105699,0.5849724629521397,0.4150275370478603
2012,MT,0.48578382359597255,0.4486036875650632,0.4801045414312576,0.5198954585687423
2012,ND,0.5023821089604663,0.4932397927409511,0.4954087409066173,0.5045912590933826
2012,NE,0.42225567227849836,0.5777443277215016,0.5777443277215016,0.42225567227849836
2012,NJ,0.5886546099402099,0.39374361978399297,0.40079838080992064,0.5992016191900793
2012,NM,0.5100806529576833,0.45277541818500555,0.47024205564562227,0.5297579443543777
2012,NV,0.4470612995525178,0.45866276476866724,0.5064045252153284,0.49359547478467164
2012,NY,0.6210867000495178,0.2128321165585724,0.2552192279630444,0.7447807720369556
2012,OH,0.5070069506101833,0.4470001750774176,0.46855014290930175,0.5314498570906983
2012,PA,0.5369002004825656,0.4458759268453654,0.45369022959242716,0.5463097704075729
2012,RI,0.6481136519611945,0.349655299398119,0.35043714170676993,0.64956285829323
2012,TN,0.30406590287131857,0.6489157549267126,0.6809320511226876,0.3190679488773123
2012,TX,0.406230045638668,0.5645565786485696,0.5815454854078499,0.4184545145921501
2012,UT,0.29980405223552264,0.653100950341692,0.6853788662829176,0.31462113371708245
2012,VA,0.5286594904628799,0.4696080896408286,0.4704230599094902,0.5295769400905098
2012,WA,0.6045099118171301,0.3954900881828699,0.3954900881828699,0.6045099118171301
2012,WI,0.5140886372781917,0.45860336125574075,0.47147849673582193,0.5285215032641781
2012,WV,0.6057206733696656,0.3647171623230466,0.375827434698799,0.6241725653012011
2012,WY,0.21148384523334662,0.7389309932189868,0.7774825932034801,0.2225174067965199
2014,AK,0.45832507082152973,0.479621104815864,0.5113524819160664,0.48864751808393364
2014,AR,0.39430327844673485,0.564974837906561,0.5889583305145308,0.41104166948546916
2014,CO,0.46260468835280527,0.4820495056975353,0.5102920293305202,0.4897079706694798
2014,DE,0.5582640425913741,0.422251941992326,0.43064258883204487,0.5693574111679551
2014,GA,0.4520635328617243,0.5288906283771548,0.5391593708203465,0.46084062917965346
2014,IA,0.43761175533327434,0.5210011507479861,0.5434948219900364,0.4565051780099636
2014,ID,0.34671638035546815,0.6532836196445319,0.6532836196445319,0.34671638035546815
2014,IL,0.5354868393922718,0.42694987871577755,0.4436134560151366,0.5563865439848634
2014,KY,0.4072087406363259,0.5618810364183894,0.5798028724707776,0.4201971275292224
2014,LA,0.4431248674848851,0.486031807033583,0.5230891843783688,0.4769108156216312
2014,MA,0.5898804137024651,0.3621519954600101,0.3803988099298043,0.6196011900701957
2014,ME,0.3083553215904155,0.6701907305719972,0.6848842004839679,0.3151157995160321
2014,MI,0.5461438395064853,0.41329072504036973,0.4307648903972609,0.5692351096027392
2014,MN,0.5315115405888788,0.4290764500930595,0.4466810477075094,0.5533189522924906
2014,MS,0.37894431976804915,0.5989969265246305,0.6125080916623511,0.38749190833764885
2014,MT,0.4006857278828422,0.5778636439839275,0.5905309027806561,0.4094690972193438
2014,NC,0.47256199316635344,0.4882064541977257,0.5081416396813893,0.49185836031861074
2014,NE,0.31485350808847073,0.643368860544438,0.6714191628215997,0.32858083717840014
2014,NH,0.5145536597706895,0.48211136125729526,0.4837245725349464,0.5162754274650536
2014,NJ,0.5583559548229907,0.42325872476310955,0.4311862216053833,0.5688137783946167
2014,NM,0.5555881017873701,0.44441189821262994,0.44441189821262994,0.5555881017873701
2014,OK,0.2854850481216181,0.6800823166608385,0.7043344063457051,0.29566559365429484
2014,OR,0.557284461466676,0.36866472635120806,0.39814790185195037,0.6018520981480496
2014,RI,0.7058264804448119,0.29247265681702,0.29297096020660074,0.7070290397933993
2014,SC,0.36830514283410276,0.5426615325685946,0.5956985554150028,0.40430144458499717
2014,SD,0.2951054357006857,0.5037042074069832,0.6305685112255093,0.3694314887744907
2014,TN,0.31865159217358713,0.6186657836419674,0.66003874419128294,0.33996125580871706
2014,TX,0.343645433505767,0.6156003905034854,0.6417545691578092,0.35824543084219085
2014,VA,0.49149932271994207,0.4833843219852111,0.4958379644695007,0.5041620355304992
2014,WV,0.34464137327552574,0.6211744168362028,0.6431603450636725,0.3568396549363275
2014,WY,0.1716417474423469,0.7102066572014514,0.8053613903041787,0.19463860969582125
2016,AK,0.11623389341801497,0.44358000391727487,0.7923704753110141,0.20762952468898588
2016,AL,0.3586726158881388,0.639587936251224,0.6407024046783468,0.3592975953216531
2016,AR,0.36171019627601075,0.5977163433322318,0.6229933388920991,0.3770066611079009
2016,AZ,0.4074891434487282,0.5371047089179802,0.5686091515123121,0.43139084848768794
2016,CA,0.6160281178716075,NA,NA,NA
2016,CA,0.3839718821283925,NA,NA,NA
2016,CO,0.4997078041270525,0.4430578963428305,0.46995546838626645,0.5300445316137334
2016,CT,0.5768213015794261,0.34619389128195877,0.3750684647007202,0.6249315352992798
2016,FL,0.44314854512342744,0.5198112842432986,0.5398057825373085,0.4601942174626915
2016,GA,0.4103329267776551,0.5478385217276436,0.5717541704903076,0.42824582950969237
2016,HI,0.7005465379834759,0.21169892885866784,0.2320635580590948,0.7679364419409053
2016,IA,0.356552345305366,0.6008990056040222,0.6276026505506391,0.37239734944936076
2016,ID,0.2772677529630617,0.6613471233962203,0.7045990214447342,0.2954009785552658
2016,IL,0.5486174310499978,0.3978041755479637,0.42032448622757435,0.5796755137724255
2016,IN,0.4241271693138926,0.5211224257523935,0.551306690288346,0.44869330971165394
2016,KS,0.3223812782170636,0.6217525438866071,0.6585428138791277,0.3414571861208723
2016,KY,0.4272450504737413,0.5727328845027359,0.5727455221461546,0.4272544778538454
2016,LA,0.1741502429879963,0.26846894029595164,0.6065461020105044,0.3934538979894956
2016,MD,0.6088787566439363,0.35674847863486137,0.36944740744792715,0.6305525925520729
2016,MO,0.4639195672938489,0.4918425156843135,0.5146076878795277,0.4853923121204723
2016,NC,0.45365693106548033,0.5106177974489319,0.5295356005394889,0.4704643994605111
2016,ND,0.1696812564050908,0.7847801904228017,0.8222230379560972,0.1777769620439028
2016,NH,0.47981302594907593,0.4784371025786725,0.4992820646043025,0.5007179353956974
2016,NV,0.4709887448637275,0.44670367249123427,0.48676840305464797,0.513231596945352
2016,NY,0.613304532591522,0.22099574078050438,0.2648875325034914,0.7351124674965086
2016,OH,0.37157556040344136,0.5802887667737717,0.609633904964837,0.3903660950351629
2016,OK,0.24578691161267555,0.677389615116084,0.7337595741481729,0.26624042585182706
2016,OR,0.5660084262153018,0.3334767408390773,0.3707417899187177,0.6292582100812824
2016,PA,0.4734104711017579,0.48773500228690175,0.5074518018248791,0.49254819817512085
2016,SC,0.3436959880344974,0.6056945411297078,0.6379824977429785,0.3620175022570214
2016,SD,0.28172138420585624,0.7182786157941438,0.7182786157941438,0.28172138420585624
2016,UT,0.270583183859919,0.6814553466662723,0.7157854696171091,0.2842145303828909
2016,VT,0.5998839194051182,0.3233936723594005,0.3502670001351899,0.6497329998648101
2016,WA,0.5901301044578745,0.40986989554212555,0.40986989554212555,0.5901301044578745
2016,WI,0.46810994929700506,0.5017297212607007,0.5173326442423017,0.4826673557576983
2018,AZ,0.49955794301742895,0.4761129854028926,0.4879852125693161,0.512014787430684
2018,CA,0.541638157447196,NA,NA,NA
2018,CA,0.458361842552804,NA,NA,NA
2018,CT,0.5679710709238268,0.3934967263707421,0.4092666727663526,0.5907333272336475
2018,DE,0.5995306018886242,0.37818539846438975,0.3868049600577696,0.6131950399422305
2018,FL,0.49932472568698066,0.5005497554641297,0.5006125917803896,0.4993874082196103
2018,HI,0.7115109784705074,0.28848902152949263,0.28848902152949263,0.7115109784705074
2018,IN,0.44842227932172796,0.507323997345092,0.5308145160809753,0.46918548391902465
2018,MA,0.6033678230129031,0.3617205190813752,0.374805604113327,0.6251943958866729
2018,MD,0.6485591261143473,0.3030654957695784,0.3184716838973769,0.6815283161026231
2018,ME,0.10445627347657425,0.35229954177825346,0.7713082789798805,0.2286917210201194
2018,MI,0.5226189214709184,0.45756289838436104,0.46681430844322197,0.533185691556778
2018,MN,0.3021032032691419,0.1814032349999566,0.37518266695550284,0.6248173330444972
2018,MO,0.4556934089290825,0.5138323105905976,0.5299831662487088,0.4700168337512912
2018,MS,0.2004373569193672,0.297005157275479,0.5970642813998469,0.4029357186001531
2018,MT,0.5033387260499936,0.46782411813221675,0.4817154207811138,0.5182845792188862
2018,ND,0.44268377190023855,0.5510550748456176,0.5545270537124802,0.4454729462875197
2018,NE,0.38621199828869784,0.576850488565325,0.5989751406990081,0.4010248593009919
2018,NJ,0.5400714982125446,0.42828091919061245,0.44227794705066037,0.5577220529493397
2018,NM,0.540877345009842,0.3053218595949568,0.3608155832970223,0.6391844167029777
2018,NV,0.5041198108898791,0.4538498886982426,0.47376225875763606,0.5262377412423639
2018,NY,0.6202139302554139,0.2857796609861587,0.3154323206575077,0.6845676793424923
2018,OH,0.5341141418368777,0.4656564264238257,0.46576328730493255,0.5342367126950673
2018,PA,0.5561318396530043,0.427427545872648,0.4345721795377044,0.5654278204622956
2018,RI,0.614424347955343,0.3833459858044583,0.3842026294367089,0.6157973705632911
2018,TN,0.43919972902386195,0.5470700705072781,0.5546860207697205,0.44531397923027943
2018,TX,0.4832535502239402,0.508926012837366,0.5129374074861083,0.4870625925138918
2018,UT,0.3091146874661875,0.6258814784846333,0.6693947005099843,0.33060529949001566
2018,VA,0.5700260758799454,0.4100746171792874,0.4184004970951534,0.5815995029048465
2018,WA,0.5843375992492955,0.41566240075070443,0.41566240075070443,0.5843375992492955
2018,WI,0.5541768676154819,0.44580733008483203,0.4458143749771898,0.5541856250228102
2018,WV,0.4954581402649804,0.46297290667014346,0.483052910431732,0.5169470895682681
2018,WY,0.30098810343132437,0.669599842690001,0.6898909525570182,0.31010904744298184
